INSERT INTO users (id, email, password, name, profile_img_path, telephone, address, user_type, release_date) VALUES (5, 'prueba@prueba.com', '$2a$10$BGXswNTAXDNV36GiPok2SORQyGn484ifTFeack8U5Vtp2qh2.6Bl2', 'prueba', null, '123123123', 'prueba', 'PATIENT', '2024-07-19');
INSERT INTO users (id, email, password, name, profile_img_path, telephone, address, user_type, release_date) VALUES (25, 'terapro@gmail.com', '$2a$10$FrfkDuqqYtwEivbeEUVWDewtbWBzgl4qd5RCh4q8r350xdR5euuU6', 'terapeutaPro', '/images/users/cfec942b-ed33-4fdc-9223-a1299927e80b_1000000036.jpg', '123123123', 'calle terapro', 'THERAPIST', '2025-08-29');
INSERT INTO users (id, email, password, name, profile_img_path, telephone, address, user_type, release_date) VALUES (11, 'gfutyf', '$2a$10$BGXswNTAXDNV36GiPok2SORQyGn484ifTFeack8U5Vtp2qh2.6Bl2', 'hbvihi', '/images/users/497656e4-60cb-4b47-9257-0de5cc0465ef_girl2.jpg', '545', 'Calle Borox 4', 'PATIENT', '2024-07-11');
INSERT INTO users (id, email, password, name, profile_img_path, telephone, address, user_type, release_date) VALUES (6, 'abel@gmail.com', '$2a$10$BGXswNTAXDNV36GiPok2SORQyGn484ifTFeack8U5Vtp2qh2.6Bl2', 'Abel Somoza', '/images/users/abel.png', '678074992', 'Vallecas 3', 'THERAPIST', '2024-07-11');
INSERT INTO users (id, email, password, name, profile_img_path, telephone, address, user_type, release_date) VALUES (8, 'john@gmail.com', '$2a$10$BGXswNTAXDNV36GiPok2SORQyGn484ifTFeack8U5Vtp2qh2.6Bl2', 'John Mayer', '/images/users/man2.jpg', '678798789', 'Madrid C/ madrid 5', 'PATIENT', '2024-07-11');
INSERT INTO users (id, email, password, name, profile_img_path, telephone, address, user_type, release_date) VALUES (1, 'phobosvr@gmail.com', '$2a$10$BGXswNTAXDNV36GiPok2SORQyGn484ifTFeack8U5Vtp2qh2.6Bl2', 'Phobos admin', '/images/users/phobos_admin.png', '675328065', 'Ugena, C/ Borox 4', 'ADMIN', '2024-07-11');
INSERT INTO users (id, email, password, name, profile_img_path, telephone, address, user_type, release_date) VALUES (3, 'alison@gmail.com', '$2a$10$BGXswNTAXDNV36GiPok2SORQyGn484ifTFeack8U5Vtp2qh2.6Bl2', 'Alison Smith', '/images/users/girl1.jpeg', '678074992', 'Tres cantos, Sector foresta 42', 'PATIENT', '2024-07-11');
INSERT INTO users (id, email, password, name, profile_img_path, telephone, address, user_type, release_date) VALUES (7, 'pedro@gmail.com', '$2a$10$BGXswNTAXDNV36GiPok2SORQyGn484ifTFeack8U5Vtp2qh2.6Bl2', 'Pedro Gutiérrez', '/images/users/man1.jpg', '678798789', 'Madrid C/ madrid 5', 'PATIENT', '2024-07-11');
INSERT INTO users (id, email, password, name, profile_img_path, telephone, address, user_type, release_date) VALUES (4, 'felix@gmail.com', '$2a$10$BGXswNTAXDNV36GiPok2SORQyGn484ifTFeack8U5Vtp2qh2.6Bl2', 'Felix Bravo', '/images/users/felix.png', '678074992', 'Vallecas 3', 'PATIENT', '2024-07-11');
INSERT INTO users (id, email, password, name, profile_img_path, telephone, address, user_type, release_date) VALUES (12, 'mimi@gmail.com', '$2a$10$BGXswNTAXDNV36GiPok2SORQyGn484ifTFeack8U5Vtp2qh2.6Bl2', 'Miriam', '/images/users/b8c63c81-4bce-439e-9934-39aef3b8332e_mimi.jpg', '123123123', 'Calle Borox 4', 'PATIENT', '2024-07-11');
INSERT INTO users (id, email, password, name, profile_img_path, telephone, address, user_type, release_date) VALUES (2, 'gustyadolf@gmail.com', '$2a$10$BGXswNTAXDNV36GiPok2SORQyGn484ifTFeack8U5Vtp2qh2.6Bl2', 'Gustavo Ramírez', '/images/users/gustavo.png', '675328065', 'Fuenlabrada, C/ Grecia 22', 'THERAPIST', '2024-07-11');
INSERT INTO users (id, email, password, name, profile_img_path, telephone, address, user_type, release_date) VALUES (14, 'clinica@gmail.com', '$2a$10$BGXswNTAXDNV36GiPok2SORQyGn484ifTFeack8U5Vtp2qh2.6Bl2', 'Clínica phobos', '/images/companies/default.webp', '678074992', 'Madrid, C/ Phobos 3', 'COMPANY', '2025-01-18');
INSERT INTO users (id, email, password, name, profile_img_path, telephone, address, user_type, release_date) VALUES (18, 'nuevo@gmail.com', '$2a$10$V3kOZq62wwNO0gnuaF7ZYumcUR7rzn9GYKV.bJfOJE0MMH0vhVuti', 'Nuevo del movil', '/images/users/34ce95b7-1f69-4e6d-8253-1cb52a5d9297_1000000036.jpg', '123123123', 'calle grecia 22 3c', 'PATIENT', '2025-08-12');
INSERT INTO users (id, email, password, name, profile_img_path, telephone, address, user_type, release_date) VALUES (19, 'pacient@gmail.com', '$2a$10$CcGiS9qacgARlnu8ViMEjOXpqgg.9x5tYNlXOSBrrR3wFR6Ev20la', 'Nuevo paciente', '/images/users/fffa6020-77ee-4058-bc11-fc2197d80f1e_1000000036.jpg', '123123123', 'calle prueba', 'PATIENT', '2025-08-13');
INSERT INTO users (id, email, password, name, profile_img_path, telephone, address, user_type, release_date) VALUES (21, 'jaime@gmail.com', '$2a$10$8D3YfX8qNatvb5QaMln/wuXlu5pDBC3Y97g.wq9PxUnP0scPLE7Mm', 'Jaime Perez', '/images/users/7a37e875-bef7-4302-a7a9-5b23462c4586_1000000036.jpg', '99999999', 'calle prueba', 'PATIENT', '2025-08-14');
INSERT INTO users (id, email, password, name, profile_img_path, telephone, address, user_type, release_date) VALUES (22, 'steven@gmail.com', '$2a$10$goPeadxNZHdi06DwxbTPcO0XcN7fmQRm7n52auz3Un3Nrg7O2h29W', 'Steven', '/images/users/default.png', '123456789', 'calle terapia', 'THERAPIST', '2025-08-14');
INSERT INTO users (id, email, password, name, profile_img_path, telephone, address, user_type, release_date) VALUES (24, 'paciente@gmail.com', '$2a$10$ZIq7v5OxA0G42CNfd4r5TeEkGqAWTY9IL8TdLzD2FXKDTC1nK9wlG', 'pacient 2', '/images/users/cfa15dad-6ca2-46ab-ac9a-9fb9116177d6_1000000036.jpg', '123123123', 'clle paciente 2', 'PATIENT', '2025-08-29');
INSERT INTO users (id, email, password, name, profile_img_path, telephone, address, user_type, release_date) VALUES (31, 'irene@gmail.com', '$2a$10$hhfQgHKQqSlg5iOgZ4D6NeZ5tCuNhZryGQ6zScYYbhxX4rc/W7Yd.', 'Irene', '/images/users/8b9785d0-627c-4f58-8351-daa39fbf57be_1000000033.jpg', '123123123', 'calle irene, 2', 'PATIENT', '2025-09-10');
INSERT INTO users (id, email, password, name, profile_img_path, telephone, address, user_type, release_date) VALUES (32, 'alex@gmail.com', '$2a$10$nT.Xfl8TB.rEdm6zSE8Yie9wMyB916W6HzNtKQpkHIE3iKQhibWUy', 'Alex Ramirez', '/images/users/32553652-09cd-4b00-aa7e-642b96752fcd_1000000034.jpg', '321123132', 'calle alex 2', 'THERAPIST', '2025-09-10');
INSERT INTO users (id, email, password, name, profile_img_path, telephone, address, user_type, release_date) VALUES (33, 'ali@gmail.com', '$2a$10$x2L42F3SFuSgeYkd6JE4ZubIwA1XcdYdSBk1/AU5O1S2Tp9r.Y7l6', 'Alicia', '/images/users/b644c3e9-3ef9-4e3f-8d32-20924e9ff7bf_1000000033.jpg', '321654321', 'calle alicia 2', 'PATIENT', '2025-09-26');
INSERT INTO users (id, email, password, name, profile_img_path, telephone, address, user_type, release_date) VALUES (34, 'jose@gmail.com', '$2a$10$Glxu0TPlmplIy04W9MT9YeE6xebM1UputW0kVviryDCpR.gW4/MDG', 'jose', '/images/users/a26d3823-9941-4da6-8b83-491d9dde520b_1000000035.jpg', '123321123', 'calle jose 1', 'PATIENT', '2025-09-30');
INSERT INTO users (id, email, password, name, profile_img_path, telephone, address, user_type, release_date) VALUES (35, 'tera@gmail.com', '$2a$10$bmC9ENQyGguEmcout1IMrORGA2nO9zZMHI916nd6oOEAjx7Lr8yEC', 'tera', '/images/users/cdc7c303-703f-4b2e-a79a-bfa4805024d1_1000000034.jpg', '33333333', 'tera 3', 'THERAPIST', '2025-09-30');

INSERT INTO patients (id, birthdate, gender) VALUES (21, '2025-08-01', 'male');
INSERT INTO patients (id, birthdate, gender) VALUES (24, '2011-08-02', 'male');
INSERT INTO patients (id, birthdate, gender) VALUES (4, '2011-08-02', 'female');
INSERT INTO patients (id, birthdate, gender) VALUES (2, '2011-08-02', 'female');
INSERT INTO patients (id, birthdate, gender) VALUES (19, '2011-08-02', 'female');
INSERT INTO patients (id, birthdate, gender) VALUES (7, '2011-08-02', 'male');
INSERT INTO patients (id, birthdate, gender) VALUES (12, '2011-08-02', 'male');
INSERT INTO patients (id, birthdate, gender) VALUES (3, '2011-08-02', 'male');
INSERT INTO patients (id, birthdate, gender) VALUES (8, '2011-08-02', 'male');
INSERT INTO patients (id, birthdate, gender) VALUES (31, '2011-09-01', 'female');
INSERT INTO patients (id, birthdate, gender) VALUES (33, '2008-09-01', 'female');
INSERT INTO patients (id, birthdate, gender) VALUES (34, '2008-09-01', 'male');

INSERT INTO therapists (id, license_number) VALUES (22, 'COL1231231');
INSERT INTO therapists (id, license_number) VALUES (25, '123123123');
INSERT INTO therapists (id, license_number) VALUES (6, '123456789');
INSERT INTO therapists (id, license_number) VALUES (2, '987654321');
INSERT INTO therapists (id, license_number) VALUES (32, '44332233');
INSERT INTO therapists (id, license_number) VALUES (35, '666777666');

INSERT INTO companies (id, cif, company_address) VALUES (14, '321321321', 'Calle empresa 1');

INSERT INTO mental_disorder (id, mental_disorder) VALUES (1, 'Acrofobia');
INSERT INTO mental_disorder (id, mental_disorder) VALUES (2, 'Agorafobia');
INSERT INTO mental_disorder (id, mental_disorder) VALUES (3, 'Aracnofobia');
INSERT INTO mental_disorder (id, mental_disorder) VALUES (4, 'Claustrofobia');
INSERT INTO mental_disorder (id, mental_disorder) VALUES (5, 'Hidrofobia');
INSERT INTO mental_disorder (id, mental_disorder) VALUES (6, 'Tripofobia');
INSERT INTO mental_disorder (id, mental_disorder) VALUES (7, 'Depresion');

INSERT INTO session (id, session_date, activation_level, exposure_level, user_id, mental_disorder_id, progress, therapist_notes, user_notes) VALUES (1, '2024-01-05', 10, 5, 3, 1, 10, 'Hoy fue la primera sesión con el paciente utilizando realidad virtual para tratar su fobia a las alturas. Iniciamos con una introducción al equipo de VR y realizamos una evaluación inicial de su nivel de ansiedad. El paciente fue expuesto a una simulación básica de estar en un edificio de baja altura, observando el paisaje desde una ventana.', 'Al principio me sentí nerviosa usando el equipo de VR, pero una vez que me acostumbré, la experiencia fue interesante. Sin embargo, mirar hacia afuera desde una ventana, aunque no era muy alto, me produjo bastante ansiedad.');
INSERT INTO session (id, session_date, activation_level, exposure_level, user_id, mental_disorder_id, progress, therapist_notes, user_notes) VALUES (2, '2024-01-12', 75, 30, 3, 1, 20, 'El paciente mostró signos significativos de ansiedad al estar en un balcón virtual. Se realizaron ejercicios de respiración para reducir la ansiedad.', 'Me sentí bastante nervioso al principio, pero después de los ejercicios de respiración, me calmé un poco.');
INSERT INTO session (id, session_date, activation_level, exposure_level, user_id, mental_disorder_id, progress, therapist_notes, user_notes) VALUES (3, '2024-01-19', 60, 20, 3, 1, 30, 'El paciente tuvo una respuesta moderada de ansiedad al observar la vista desde una ventana en un edificio alto. Logró mantenerse en la escena durante 5 minutos.', 'Al principio fue aterrador, pero después de unos minutos me acostumbré un poco.');
INSERT INTO session (id, session_date, activation_level, exposure_level, user_id, mental_disorder_id, progress, therapist_notes, user_notes) VALUES (4, '2024-01-26', 80, 40, 3, 1, 40, 'El paciente presentó un alto nivel de activación al caminar por un puente virtual. Se utilizó la técnica de desensibilización sistemática.', 'Sentí mucha tensión y mi corazón latía rápido. Fue difícil mantener la calma.');
INSERT INTO session (id, session_date, activation_level, exposure_level, user_id, mental_disorder_id, progress, therapist_notes, user_notes) VALUES (5, '2024-02-02', 50, 10, 3, 1, 50, 'El paciente tuvo una activación leve al subir en un ascensor virtual. La experiencia fue corta para evitar una respuesta de ansiedad intensa.', 'No estuvo tan mal como pensé, pero aún así me sentí un poco incómodo.');
INSERT INTO session (id, session_date, activation_level, exposure_level, user_id, mental_disorder_id, progress, therapist_notes, user_notes) VALUES (6, '2024-02-09', 90, 50, 3, 1, 60, 'El paciente mostró una alta ansiedad al estar en una plataforma al aire libre en un rascacielos virtual. Se implementaron técnicas de grounding para ayudar a reducir la ansiedad.', 'Fue muy intenso, me sudaban las manos y me costaba respirar. Las técnicas de grounding me ayudaron un poco.');
INSERT INTO session (id, session_date, activation_level, exposure_level, user_id, mental_disorder_id, progress, therapist_notes, user_notes) VALUES (7, '2024-02-16', 65, 25, 3, 1, 70, 'El paciente se expuso a una terraza en un edificio medio. Hubo ansiedad moderada, pero pudo mantenerse en la escena durante 10 minutos.', 'Estaba nervioso pero lo pude soportar mejor de lo que esperaba.');
INSERT INTO session (id, session_date, activation_level, exposure_level, user_id, mental_disorder_id, progress, therapist_notes, user_notes) VALUES (8, '2024-02-23', 55, 15, 3, 1, 80, 'El paciente experimentó ansiedad moderada al estar en un balcón cerrado. Utilizó técnicas de visualización para calmarse.', 'Al principio sentí miedo, pero las visualizaciones me ayudaron a relajarme un poco.');
INSERT INTO session (id, session_date, activation_level, exposure_level, user_id, mental_disorder_id, progress, therapist_notes, user_notes) VALUES (9, '2024-03-01', 70, 35, 3, 1, 90, 'El paciente enfrentó ansiedad alta al cruzar un puente colgante virtual. Se hicieron pausas frecuentes para evitar sobrecarga.', 'Fue muy aterrador, pero las pausas me ayudaron a manejar la situación.');
INSERT INTO session (id, session_date, activation_level, exposure_level, user_id, mental_disorder_id, progress, therapist_notes, user_notes) VALUES (10, '2024-03-08', 85, 45, 3, 1, 100, 'El paciente mostró una alta respuesta de ansiedad en una montaña rusa virtual. Se utilizaron técnicas de respiración profunda para controlar la ansiedad.', 'Sentí mucha ansiedad y miedo, pero respirar profundamente me ayudó a calmarme un poco.');
INSERT INTO session (id, session_date, activation_level, exposure_level, user_id, mental_disorder_id, progress, therapist_notes, user_notes) VALUES (11, '2024-07-14', 37, 97, 3, 1, 88, 'Pruebas terapeutaPruebas terapeutaPruebas terapeutaPruebas terapeutaPruebas terapeuta', 'Paciente: pruebas pacientepruebas pacientepruebas pacientepruebas pacientepruebas paciente');
INSERT INTO session (id, session_date, activation_level, exposure_level, user_id, mental_disorder_id, progress, therapist_notes, user_notes) VALUES (12, '2024-07-14', 35, 8, 2, 3, 5, 'Primera sesion', 'No quiero volver');
INSERT INTO session (id, session_date, activation_level, exposure_level, user_id, mental_disorder_id, progress, therapist_notes, user_notes) VALUES (13, '2024-07-14', 17, 8, 2, 1, 6, 'Primera sesión de altura', 'Me tiemblan los pies');
INSERT INTO session (id, session_date, activation_level, exposure_level, user_id, mental_disorder_id, progress, therapist_notes, user_notes) VALUES (14, '2024-07-15', 17, 10, 11, 1, 7, 'Primera sesión de acrofobia para vihi', 'Todo bien por ahora');
INSERT INTO session (id, session_date, activation_level, exposure_level, user_id, mental_disorder_id, progress, therapist_notes, user_notes) VALUES (15, '2024-07-15', 43, 19, 11, 3, 5, 'Empezamos fuerte', 'Odio las arañas');
INSERT INTO session (id, session_date, activation_level, exposure_level, user_id, mental_disorder_id, progress, therapist_notes, user_notes) VALUES (16, '2024-07-15', 56, 38, 11, 5, 37, 'Buena sesión', 'casi me ahogo');
INSERT INTO session (id, session_date, activation_level, exposure_level, user_id, mental_disorder_id, progress, therapist_notes, user_notes) VALUES (17, '2024-07-15', 57, 36, 11, 1, 24, 'Segunda sesión muy positiva', 'No quiero ver abajo');
INSERT INTO session (id, session_date, activation_level, exposure_level, user_id, mental_disorder_id, progress, therapist_notes, user_notes) VALUES (18, '2024-07-27', 33, 28, 2, 1, 17, 'pruebas', 'pruebas');
INSERT INTO session (id, session_date, activation_level, exposure_level, user_id, mental_disorder_id, progress, therapist_notes, user_notes) VALUES (19, '2024-07-27', 46, 28, 2, 3, 22, 'pruebas aracno', 'miedo aracno');

INSERT INTO user_disorder (user_id, mental_disorder_id) VALUES (2, 1);
INSERT INTO user_disorder (user_id, mental_disorder_id) VALUES (2, 3);
INSERT INTO user_disorder (user_id, mental_disorder_id) VALUES (4, 4);
INSERT INTO user_disorder (user_id, mental_disorder_id) VALUES (7, 4);
INSERT INTO user_disorder (user_id, mental_disorder_id) VALUES (7, 5);
INSERT INTO user_disorder (user_id, mental_disorder_id) VALUES (8, 2);
INSERT INTO user_disorder (user_id, mental_disorder_id) VALUES (11, 1);
INSERT INTO user_disorder (user_id, mental_disorder_id) VALUES (11, 3);
INSERT INTO user_disorder (user_id, mental_disorder_id) VALUES (11, 5);
INSERT INTO user_disorder (user_id, mental_disorder_id) VALUES (12, 4);
INSERT INTO user_disorder (user_id, mental_disorder_id) VALUES (12, 6);
INSERT INTO user_disorder (user_id, mental_disorder_id) VALUES (3, 1);
INSERT INTO user_disorder (user_id, mental_disorder_id) VALUES (5, 1);
INSERT INTO user_disorder (user_id, mental_disorder_id) VALUES (3, 2);
INSERT INTO user_disorder (user_id, mental_disorder_id) VALUES (19, 1);
INSERT INTO user_disorder (user_id, mental_disorder_id) VALUES (19, 2);

INSERT INTO user_company (user_id, company_id) VALUES (6, 14);
INSERT INTO user_company (user_id, company_id) VALUES (4, 14);
INSERT INTO user_company (user_id, company_id) VALUES (2, 14);
INSERT INTO user_company (user_id, company_id) VALUES (19, 14);
INSERT INTO user_company (user_id, company_id) VALUES (7, 14);
INSERT INTO user_company (user_id, company_id) VALUES (12, 14);
INSERT INTO user_company (user_id, company_id) VALUES (3, 14);
INSERT INTO user_company (user_id, company_id) VALUES (8, 14);
INSERT INTO user_company (user_id, company_id) VALUES (31, 14);
INSERT INTO user_company (user_id, company_id) VALUES (32, 14);
INSERT INTO user_company (user_id, company_id) VALUES (24, 14);
INSERT INTO user_company (user_id, company_id) VALUES (33, 14);
INSERT INTO user_company (user_id, company_id) VALUES (34, 14);
INSERT INTO user_company (user_id, company_id) VALUES (35, 14);

INSERT INTO user_checkin (id, user_id, checkin_time, checkout_time, total_hours) VALUES (28, 6, '2025-09-19 08:00:00.000000', '2025-09-19 14:21:22.000000', 6.36);
INSERT INTO user_checkin (id, user_id, checkin_time, checkout_time, total_hours) VALUES (29, 6, '2025-09-19 17:24:52.000000', '2025-09-19 18:00:00.000000', 0.59);
INSERT INTO user_checkin (id, user_id, checkin_time, checkout_time, total_hours) VALUES (31, 6, '2025-09-26 08:38:31.000000', '2025-09-26 10:00:00.000000', 1.36);
INSERT INTO user_checkin (id, user_id, checkin_time, checkout_time, total_hours) VALUES (32, 32, '2025-10-01 08:00:00.000000', '2025-10-01 16:00:00.000000', 8.00);
INSERT INTO user_checkin (id, user_id, checkin_time, checkout_time, total_hours) VALUES (33, 6, '2025-10-02 08:00:00.000000', '2025-10-02 16:00:00.000000', 8.00);
INSERT INTO user_checkin (id, user_id, checkin_time, checkout_time, total_hours) VALUES (15, 6, '2025-09-12 08:00:00.000000', '2025-09-12 12:00:00.000000', 4.00);
INSERT INTO user_checkin (id, user_id, checkin_time, checkout_time, total_hours) VALUES (17, 6, '2025-09-12 16:38:08.000000', '2025-09-13 10:40:07.000000', 18.03);
INSERT INTO user_checkin (id, user_id, checkin_time, checkout_time, total_hours) VALUES (20, 6, '2025-09-13 10:47:57.000000', '2025-09-15 07:11:56.000000', 44.40);
INSERT INTO user_checkin (id, user_id, checkin_time, checkout_time, total_hours) VALUES (23, 6, '2025-09-15 15:00:00.000000', '2025-09-15 17:00:00.000000', 2.00);
INSERT INTO user_checkin (id, user_id, checkin_time, checkout_time, total_hours) VALUES (24, 6, '2025-09-15 08:00:00.000000', '2025-09-15 14:00:00.000000', 6.00);
INSERT INTO user_checkin (id, user_id, checkin_time, checkout_time, total_hours) VALUES (26, 6, '2025-09-16 08:00:00.000000', '2025-09-16 12:00:00.000000', 4.00);

INSERT INTO emotion_entry (id, user_id, first_emotion, second_emotion, third_emotion, intensity, notes, created_at) VALUES (1, 3, 'Miedo', 'Sumiso', 'Ridiculizado', 5, 'Sentí esto en la reunión de trabajo', '2025-09-23 16:13:11.902340');
INSERT INTO emotion_entry (id, user_id, first_emotion, second_emotion, third_emotion, intensity, notes, created_at) VALUES (2, 3, 'Asco', 'Decepcionado', 'Indignado', 5, 'Un amigo ha traicionado mi confianza', '2025-09-23 17:13:07.882031');
INSERT INTO emotion_entry (id, user_id, first_emotion, second_emotion, third_emotion, intensity, notes, created_at) VALUES (15, 3, 'Tristeza', 'Aburrido', 'Indiferente', 7, 'Quería quedar con alguien pero no tengo con quién', '2025-09-25 11:03:44.576815');
INSERT INTO emotion_entry (id, user_id, first_emotion, second_emotion, third_emotion, intensity, notes, created_at) VALUES (16, 3, 'Sorpresa', 'Conmocionado', 'Atónito', 9, 'me hicieron cumple sorpresa', '2025-09-25 14:04:29.163793');
INSERT INTO emotion_entry (id, user_id, first_emotion, second_emotion, third_emotion, intensity, notes, created_at) VALUES (17, 33, 'Felicidad', 'Orgulloso', 'Confiado', 5, '', '2025-09-26 11:55:28.933118');
INSERT INTO emotion_entry (id, user_id, first_emotion, second_emotion, third_emotion, intensity, notes, created_at) VALUES (18, 3, 'Ira', 'Agresivo', 'Hostil', 2, 'Hoy me levante con el pie izq', '2025-09-26 13:38:48.572298');
INSERT INTO emotion_entry (id, user_id, first_emotion, second_emotion, third_emotion, intensity, notes, created_at) VALUES (19, 3, 'Tristeza', 'Aburrido', 'Indiferente', 1, '', '2025-09-30 16:22:52.683433');
INSERT INTO emotion_entry (id, user_id, first_emotion, second_emotion, third_emotion, intensity, notes, created_at) VALUES (20, 34, 'Sorpresa', 'Asombrado', 'Impresionado', 8, 'fiesta sorpresa de cumpleaños', '2025-10-01 20:04:44.694628');
INSERT INTO emotion_entry (id, user_id, first_emotion, second_emotion, third_emotion, intensity, notes, created_at) VALUES (21, 3, 'Ira', 'Agresivo', 'Provocador', 8, 'me pelee con mi madre', '2025-10-02 19:10:53.224706');
INSERT INTO emotion_entry (id, user_id, first_emotion, second_emotion, third_emotion, intensity, notes, created_at) VALUES (22, 3, 'Miedo', 'Ansioso', 'Preocupado', 7, 'no sé por qué', '2025-10-08 08:53:35.514237');

INSERT INTO appointment (id, therapist_id, user_id, mental_disorder_id, appointment_date, description, appointment_duration, cost, status) VALUES (43, 32, 31, 4, '2025-09-10 14:00:00.000000', 'Primera session', 60, 0.00, 'PENDING');
INSERT INTO appointment (id, therapist_id, user_id, mental_disorder_id, appointment_date, description, appointment_duration, cost, status) VALUES (35, 6, 19, 3, '2025-09-16 11:00:00.000000', '', 60, 25.00, 'DONE');
INSERT INTO appointment (id, therapist_id, user_id, mental_disorder_id, appointment_date, description, appointment_duration, cost, status) VALUES (28, 2, 8, 4, '2025-08-01 11:00:00.000000', 'primera sesion', 60, 25.00, 'CONFIRMED');
INSERT INTO appointment (id, therapist_id, user_id, mental_disorder_id, appointment_date, description, appointment_duration, cost, status) VALUES (31, 6, 3, 1, '2025-07-31 12:00:00.000000', '', 60, 25.00, 'CANCELLED');
INSERT INTO appointment (id, therapist_id, user_id, mental_disorder_id, appointment_date, description, appointment_duration, cost, status) VALUES (21, 6, 4, 4, '2025-07-09 17:43:00.000000', '', 60, 25.00, 'PENDING');
INSERT INTO appointment (id, therapist_id, user_id, mental_disorder_id, appointment_date, description, appointment_duration, cost, status) VALUES (14, 6, 3, 1, '2025-09-15 11:52:00.000000', 'pruebas', 60, 25.00, 'CONFIRMED');
INSERT INTO appointment (id, therapist_id, user_id, mental_disorder_id, appointment_date, description, appointment_duration, cost, status) VALUES (27, 2, 3, 7, '2025-07-31 18:00:00.000000', '', 60, 25.00, 'CANCELLATION_REQUEST');
INSERT INTO appointment (id, therapist_id, user_id, mental_disorder_id, appointment_date, description, appointment_duration, cost, status) VALUES (44, 32, 12, 5, '2025-09-10 10:00:00.000000', 'pruebas', 60, 25.00, 'PENDING');
INSERT INTO appointment (id, therapist_id, user_id, mental_disorder_id, appointment_date, description, appointment_duration, cost, status) VALUES (49, 6, 3, 3, '2025-09-22 11:00:00.000000', '', 60, 25.00, 'PENDING');
INSERT INTO appointment (id, therapist_id, user_id, mental_disorder_id, appointment_date, description, appointment_duration, cost, status) VALUES (50, 6, 7, 7, '2025-09-20 12:00:00.000000', '', 60, 25.00, 'PENDING');
INSERT INTO appointment (id, therapist_id, user_id, mental_disorder_id, appointment_date, description, appointment_duration, cost, status) VALUES (16, 6, 2, 1, '2025-05-30 12:00:00.000000', null, 60, 25.00, 'PENDING');
INSERT INTO appointment (id, therapist_id, user_id, mental_disorder_id, appointment_date, description, appointment_duration, cost, status) VALUES (51, 6, 3, 2, '2025-09-25 13:00:00.000000', '', 60, 25.00, 'CONFIRMED');
INSERT INTO appointment (id, therapist_id, user_id, mental_disorder_id, appointment_date, description, appointment_duration, cost, status) VALUES (52, 6, 3, 3, '2025-09-25 14:00:00.000000', '', 60, 25.00, 'CONFIRMED');
INSERT INTO appointment (id, therapist_id, user_id, mental_disorder_id, appointment_date, description, appointment_duration, cost, status) VALUES (20, 6, 2, 5, '2025-07-09 17:41:00.000000', 'sdfsdf', 60, 25.00, 'PENDING');
INSERT INTO appointment (id, therapist_id, user_id, mental_disorder_id, appointment_date, description, appointment_duration, cost, status) VALUES (22, 6, 12, 5, '2025-07-09 00:00:00.000000', '', 60, 25.00, 'PENDING');
INSERT INTO appointment (id, therapist_id, user_id, mental_disorder_id, appointment_date, description, appointment_duration, cost, status) VALUES (18, 6, 7, 2, '2025-09-16 13:00:00.000000', 'prueba', 60, 25.00, 'CANCELLED');
INSERT INTO appointment (id, therapist_id, user_id, mental_disorder_id, appointment_date, description, appointment_duration, cost, status) VALUES (53, 6, 3, 5, '2025-09-30 11:00:00.000000', 'Primera sesion de hidro', 60, 60.00, 'PENDING');
INSERT INTO appointment (id, therapist_id, user_id, mental_disorder_id, appointment_date, description, appointment_duration, cost, status) VALUES (17, 2, 12, 1, '2025-06-01 12:00:00.000000', null, 60, 25.00, 'PENDING');
INSERT INTO appointment (id, therapist_id, user_id, mental_disorder_id, appointment_date, description, appointment_duration, cost, status) VALUES (33, 6, 3, 2, '2025-09-16 15:00:00.000000', '', 60, 25.00, 'CANCELLED');
INSERT INTO appointment (id, therapist_id, user_id, mental_disorder_id, appointment_date, description, appointment_duration, cost, status) VALUES (32, 6, 3, 1, '2025-09-16 14:00:00.000000', '', 60, 25.00, 'CANCELLED');
INSERT INTO appointment (id, therapist_id, user_id, mental_disorder_id, appointment_date, description, appointment_duration, cost, status) VALUES (54, 6, 3, 4, '2025-09-30 11:00:00.000000', '', 60, 25.00, 'CONFIRMED');
INSERT INTO appointment (id, therapist_id, user_id, mental_disorder_id, appointment_date, description, appointment_duration, cost, status) VALUES (55, 6, 34, 4, '2025-10-06 20:00:00.000000', 'primera sesión', 60, 25.00, 'CONFIRMED');
INSERT INTO appointment (id, therapist_id, user_id, mental_disorder_id, appointment_date, description, appointment_duration, cost, status) VALUES (45, 6, 24, 1, '2025-09-16 12:00:00.000000', 'primera sesion', 60, 25.00, 'CANCELLED');
INSERT INTO appointment (id, therapist_id, user_id, mental_disorder_id, appointment_date, description, appointment_duration, cost, status) VALUES (12, 6, 7, 1, '2025-01-20 10:13:00.000000', 'pruea', 60, 25.00, 'PENDING');
INSERT INTO appointment (id, therapist_id, user_id, mental_disorder_id, appointment_date, description, appointment_duration, cost, status) VALUES (7, 6, 2, 1, '2025-01-13 12:00:00.000000', 'primera cita', 60, 25.00, 'PENDING');
INSERT INTO appointment (id, therapist_id, user_id, mental_disorder_id, appointment_date, description, appointment_duration, cost, status) VALUES (56, 6, 3, 2, '2025-10-07 11:00:00.000000', '', 60, 25.00, 'CONFIRMED');

INSERT INTO report_type (id, report_type) VALUES (1, 'Informe de derivación');
INSERT INTO report_type (id, report_type) VALUES (2, 'Justificante asistencia');
INSERT INTO report_type (id, report_type) VALUES (3, 'Comunicación clinica');
INSERT INTO report_type (id, report_type) VALUES (4, 'Certificado de tratamiento');
